##Task: 1,,,,,,,,,,,,,,,,,,,,,
##Mean data sampled at 10Hz,,,,,,,,,,,,,,,,,,,,,
"##Description: Kinematic motion of the arm, Simple",,,,,,,,,,,,,,,,,,,,,
##Duration: 10 seconds,,,,,,,,,,,,,,,,,,,,,
##Tracked Objects: None,,,,,,,,,,,,,,,,,,,,,
##Date: 15/04/2019,,,,,,,,,,,,,,,,,,,,,
##Time: 4:10pm,,,,,,,,,,,,,,,,,,,,,
##Temp: 21.3,,,,,,,,,,,,,,,,,,,,,
##Humidity: 32%,,,,,,,,,,,,,,,,,,,,,
Kinova Wrist,,,,,,,Joint Torques,,,,,,Finger Positions,,,Force Torque Sensor,,,,,
x,y,z,w,x,y,z,J1,J2,J3,J4,J5,J6,F1,F2,F3,Fx,Fy,Fz,Mx,Mz,Mz
-0.00906952938579371,0.07380714283898,0.889596384884082,-0.657164909651456,-0.0482853697947431,0.637346088642377,0.046241447140416,-0.280903367035136,-0.0222023240358369,-0.0261690604888465,0.0106079709163115,-0.00929012757260475,-0.0525131569127306,-0.000500832451507833,0,1.6,-0.000660590605193501,-0.253328055319227,-0.0144602729809338,-0.011047650364028,-0.00115780532664404,0.00468956017259062
-0.00904561222394321,0.0738244789872871,0.8895887221382,-0.657181281272684,-0.0484115854290603,0.637321309575958,0.0462389188100785,-0.279108896181931,-0.0572823555460937,-0.0114106581206771,0.0123797370567122,-0.0124816460321475,-0.0537214957333182,-0.000411847575258,0,1.7,0.0489035736152123,-0.160235322784395,0.0696715970899861,0.00460303377927207,-0.00214897354367522,0.00705731272661707
0.000517912341352407,0.0750335141333109,0.889427798807045,-0.657507495724942,-0.0556402584848515,0.636306845027277,0.0407947235739688,-0.150642311848057,-1.22945047138863,0.435293967121658,0.153897190334596,-0.160469230838734,-0.0588367874869876,-0.00033293564435185,0,1.7,0.221983391452785,-0.319396914573584,-0.0724205323345454,0.00307916761746048,-0.00615353833845438,0.00492333427027994
0.0508577805195564,0.0810145160084671,0.886522238903944,0.751486106398205,0.0887771596467041,-0.631269393054099,-0.0140095564311584,-0.282647690819428,0.965441250428142,-0.311716974682105,-0.0806636360279578,0.0762965625384552,-0.0530105610611115,-0.000519362293805,0,1.7,0.0846080860237816,-0.128266024679238,0.123423980328012,-0.00990622786518476,0.00380391767598747,0.00672423021339916
0.111507372438348,0.0881390203748433,0.8778295649029,0.75130228273535,0.126488003534219,-0.623132632523492,0.0161329420826892,-0.280890069196307,2.18888190885338,-0.7684476464991,-0.213851292307242,0.203762183710925,-0.0485612341668692,-0.00074035205568,0,1.7,-0.0186976215034283,-0.212555937123925,0.0535224706225269,-0.00677086148024393,0.00649864664558666,0.00997151723926318
0.171013505899352,0.0950732137407669,0.862692386590884,0.749003937190455,0.164122439188343,-0.613172822041476,0.0464476943458934,-0.281163006543107,3.45165984481545,-1.143134201566,-0.332433149963642,0.32212449610235,-0.0487699811967858,-0.00106743645543833,0,1.7,-0.0653585849725971,-0.200375674897257,0.0230438388773313,-0.0143031680975335,0.00939181056553492,0.015391428126774
0.228304972258059,0.101583047430851,0.841114091437217,0.744592614787491,0.204695811935388,-0.600181499858297,0.077850719712571,-0.270934763988564,4.42128392159982,-1.51183889706925,-0.439209337284175,0.426110839843767,-0.04684901284052,-0.00129274080197,0,1.6,-0.104759778743714,-0.25738858098848,-0.0931631362891196,-0.02066651723047,0.013664926751774,0.0167748963323122
0.283184950256348,0.107886210396182,0.813667028790432,0.737714623598575,0.241609260767349,-0.586736781554982,0.108299562790328,-0.258326616902388,5.48677692214688,-1.82826918164858,-0.540603970984567,0.52912990997235,-0.0439397446811175,-0.0016869287317,0,1.7,-0.126592610689884,-0.229502992877364,-0.236129463314669,-0.0439006777573496,0.0145561296933404,0.0184849320781653
0.334153478349993,0.11365807985579,0.780088623955138,0.730824573009203,0.284250329230484,-0.566779929183556,0.136708857321772,-0.256513980005165,6.57178790519813,-2.17061921159408,-0.643506355583617,0.616956727206558,-0.0433908462214125,-0.00155852163831333,0,1.7,-0.124618792742425,-0.297888079130414,-0.356089689391168,-0.0237287579964626,0.0116611045824194,0.0215680981953314
0.381700668189645,0.118926551473726,0.741427496138069,0.721568084111737,0.3236280653938,-0.546575785703717,0.163274007583693,-0.249198810445245,7.49221929709298,-2.46299633979825,-0.7292186632752,0.703178381919333,-0.042847907884725,-0.001962721471985,0,1.6,-0.347935714494936,-0.276473232839995,-0.529271497882915,-0.0226387199798954,0.0217717622274074,0.0236174378840352
0.424861925179629,0.123385071127733,0.698045974876771,0.712067396598793,0.36480162586527,-0.52214999460817,0.185709604674691,-0.241361129628391,8.25222136974527,-2.64665019512033,-0.797490137815633,0.7681370675565,-0.0387901624044367,-0.00229412950575333,0,1.6,-0.438327383936291,-0.296072730462797,-0.809146595708493,-0.068258849997991,0.0237560981284909,0.0236233339281188
0.463462248520617,0.12777056761244,0.650628825796214,0.702449661959439,0.403027977995859,-0.495617733512464,0.205942875600899,-0.235327944493792,8.98066706110912,-2.87854045232033,-0.866361478964333,0.833561362822667,-0.037388891292055,-0.00232464795311333,0,1.7,-0.415117291260868,-0.326717778083487,-0.897720799297647,-0.0578051425593477,0.0238461356464126,0.0272817301268358
0.496263834853386,0.130492823137548,0.599558420617248,0.689919365064142,0.443997842325167,-0.465678966423791,0.225240294178665,-0.23801988624231,9.7164424444225,-3.19065302610517,-0.94635811448075,0.924221514662,-0.0340281154339967,-0.00235841671625667,0,1.7,-0.613509208238898,-0.571189271502608,-1.14629660946899,-0.0625484172865012,0.0296627272845173,0.0337167865483634
0.52423810729979,0.133081839788538,0.54502727281479,0.685425585291004,0.489090488739189,-0.421642735043259,0.231182438654831,-0.240727318017535,10.1557224621366,-3.36196822325508,-0.99509613116575,0.971873712539583,-0.0350243415684575,-0.002425738299885,0,1.7,-0.616978573678729,-0.513473606046614,-1.33221449383118,-0.0667032858314964,0.0321853400681836,0.0394248943378239
0.545022477068243,0.135252259045557,0.488481803639736,0.686035078897128,0.542981749884192,-0.358466126805382,0.221256840486681,-0.226069093309577,10.2851237669613,-3.38890682061633,-1.00928733150183,0.979720008373667,-0.0322451248144533,-0.00237291591862833,0,1.6,-0.721069047380001,-0.611408316698272,-1.48396810602391,-0.0898321145011518,0.029571004384708,0.0328920539102927
0.56022682713101,0.136680809111793,0.43002743668331,0.701337574787126,0.612566090857584,-0.243330683552221,0.163583220363774,-0.236265945455238,10.5068563992788,-3.49586145877833,-1.03966666857433,1.01361646056183,-0.03032371867459,-0.00227492960790833,0,1.6,-0.585927379624935,-0.497424984023534,-1.65894382259448,-0.110919817010395,0.0333013614324849,0.0329993054309977
0.569276697503933,0.137613576652898,0.37103363389514,-0.162885161732304,-0.206656129464403,-0.0833286923459906,0.0594341042325687,-0.244607582480775,11.0745887736526,-3.7087245623275,-1.09283839265483,1.0827375968295,-0.0292694155126517,-0.00280417477091167,0,1.7,-0.630230951460739,-0.40734879370342,-1.83165726219465,-0.141610078449329,0.031917915221214,0.0321766298965834
0.572664538283595,0.137484110441679,0.324719352140886,-0.414683930931205,-0.363556714678501,-0.17708071872758,0.234132523432991,-0.259581155768986,12.0099198584744,-4.02690385977425,-1.18816563983775,1.17715050776792,-0.0241491373007008,-0.00288701417545333,0,1.7,-0.628861909948731,0.687038112399098,-1.86074886247688,-0.240101981093169,0.030868115798424,0.0240190797446223
0.572740841529488,0.137476548894221,0.308441320237669,0.600318551374829,0.576401141383889,-0.311865883721797,0.362765768886764,-0.21620635441697,11.8317110588167,-3.97576684951808,-1.14824172556392,1.16060311794292,-0.0312907163053108,-0.00244240636626833,0,1.6,-0.739713092210509,0.139174263027317,-1.94623695769036,-0.194432352553688,0.0349977399773367,0.0268035722344342
0.572728785342257,0.137412660289952,0.305517443375364,0.619297367834089,0.595896041341493,-0.280019588782957,0.333010712346142,-0.208653237854707,11.1964773585368,-3.71441841522792,-1.09061456124008,1.08308897415792,-0.0263906502475008,-0.00267137214541333,0,1.7,-0.672776248202447,-0.237220222785293,-2.04824423864327,-0.19288129807713,0.0353916682348219,0.0292466172508314
0.572744544328979,0.13739560416085,0.304975198273431,0.622977862088043,0.599759933281259,-0.273874022601923,0.327349558463315,-0.207007431277072,10.8413367375743,-3.57766178448983,-1.06143264969183,1.04501367211333,-0.0254394029578933,-0.00280246821542667,0,1.6,-0.944551192830681,-0.417201176113557,-1.99847162394123,-0.178894154301323,0.0373733352773106,0.0279079727583608
0.572750305902386,0.137381221607736,0.304801186461679,0.624354519099238,0.601237421149457,-0.271420124532315,0.325124631068324,-0.203027318581791,10.83272936295,-3.57149095535117,-1.0611249566075,1.04394495089883,-0.0265401688715783,-0.003059606129925,0,1.6,-0.769958835722177,-0.253961199664824,-2.02383150519522,-0.1654107700983,0.0366422447144764,0.0267954583086366
0.572752147420269,0.13737033311755,0.304699618130652,0.625268636255511,0.602174820287582,-0.269734446815794,0.323530807767553,-0.20916999908808,10.8205345670386,-3.57188932100933,-1.05674319068617,1.042799500624,-0.0285300360371683,-0.00304698596398,0,1.7,-0.835829197905137,-0.414774982020129,-2.04250138877304,-0.139205846211086,0.0359485730361142,0.0302272980981897
0.572758762323307,0.13737051867529,0.304655614653086,0.625645171477481,0.602566296835197,-0.269020324725611,0.322858692731816,-0.214933014045159,11.1221221814539,-3.3982838948545,-1.19393145442058,1.05139720936667,0.000850664824284169,-0.0041825696825975,0,1.7,-0.870122621237046,-0.43682498339165,-2.02361677748226,-0.131217716137727,0.0377869062109016,0.0300756357499379
0.572764993722086,0.137363108625862,0.304629440907069,0.625969961473653,0.602894373127963,-0.26840881056281,0.32226490284771,-0.221272566223549,11.3938280108105,-3.50978693167208,-1.20998419026575,1.0795006930825,-0.00393088882171582,-0.0041807960718875,0,1.7,-0.915780013608719,-0.518233881396454,-2.05736677501983,-0.148768575622005,0.0376314302366268,0.0329370620925449
0.572766409156414,0.137354348482429,0.304619467998698,0.626097091404647,0.603032993446169,-0.268170064164334,0.322040485839392,-0.210232892375637,10.8570785477749,-3.5847021659215,-1.063217852513,1.04750782847383,-0.0265913592652733,-0.002690502256155,0,1.6,-0.86582806879131,-0.599327180206309,-1.98510296495733,-0.132949844293513,0.0378030968520357,0.0337343597195235
0.572771851457859,0.137353916477005,0.304600495547362,0.626277077257927,0.603203178795563,-0.267844044133084,0.321697523629815,-0.217855177750435,11.1318409537271,-3.40891778071517,-1.19414399464925,1.0537942498925,0.00041536130015499,-0.004030610248445,0,1.7,-1.01439674284683,-0.640127030954977,-1.98893468414375,-0.139613636353769,0.0384096633899616,0.0314857338540357
0.572779367501383,0.137352952212367,0.304582103420438,0.626399988718751,0.603344088277282,-0.26759888903922,0.321496083871715,-0.207181107649313,10.8568225304326,-3.583626540503,-1.06268913944583,1.047721751531,-0.02734038736676,-0.00290190589924667,0,1.7,-1.13907024795852,-0.657977365107902,-2.12905243474164,-0.149574981074605,0.037614049350141,0.0332800217042974
0.572784194365,0.137346487753724,0.304569071815145,0.62664766151947,0.603608273645867,-0.267114210172686,0.321064570234364,-0.206981987402313,10.8523605912945,-3.581729149819,-1.06272577246033,1.04624473651283,-0.0270399414003367,-0.00278026089072333,0,1.6,-1.02783747027655,-0.517925300238037,-2.14848271403382,-0.163116911922759,0.0365801704944677,0.0294965610627093
0.572785854521248,0.137338403865271,0.304563217490059,0.626719636355087,0.603669863825837,-0.266998449155517,0.320911305099743,-0.207114963068423,10.8476787641596,-3.57899475097567,-1.06183866262433,1.0453732113045,-0.0275223055855167,-0.00279386031131,0,1.7,-0.852492732500878,-0.510253432083149,-2.08579955330113,-0.159718930536661,0.0378896635258735,0.029298102138641
0.572790068708143,0.137334664535514,0.304550320670712,0.626848721692076,0.60381311475112,-0.26674799326921,0.320690520405864,-0.213662772245657,11.1217801719821,-3.39872713883767,-1.19401940206667,1.05070715248608,0.000405509583844987,-0.004507665894925,0,1.6,-0.817202191233108,-0.455057524501635,-2.07358794608003,-0.156708979972933,0.0369572508944132,0.028065470744719
0.572794281151169,0.137335815030067,0.304523461768757,0.627420687223753,0.604398352628457,-0.26565318892749,0.319691157107652,-0.214142817549684,11.1028866268699,-3.38083387613383,-1.189582830668,1.04532346526792,0.000826121307881669,-0.004197666980325,0,1.7,-0.97963020548207,-0.460739458820768,-2.13849527286995,-0.156135638549298,0.0376949075817172,0.0270526764152862
0.572890888904407,0.137413779921767,0.307561310105105,0.646132459082892,0.623564060988086,-0.227114900836971,0.286175077294807,-0.227807804303085,11.6433325213661,-3.52425531148925,-1.2350809444985,1.09234348038858,0.00154941125464166,-0.004296237789095,0,1.7,-0.998699374841969,0.208710728630535,-1.80725604534159,-0.190190690961743,0.0365973447348627,0.0254785262633527
0.571714662533721,0.136865313629862,0.328973679860421,0.655396965070187,0.631662258150611,-0.208752482379715,0.269974610435831,-0.225470097400688,11.175209007665,-3.43480517864075,-1.20829388002558,1.071506707867,0.000837003253335004,-0.004145552776755,0,1.7,-0.933390918381975,-0.347977740463706,-2.00750199411058,-0.176252464836276,0.0428165051656459,0.028698329708874
0.56767372523716,0.137884555816655,0.356774916004007,0.655020232930744,0.629438924272987,-0.213388591277854,0.274553767781921,-0.223618125918012,11.0818962906763,-3.57085978984917,-1.23080917497458,1.0744259218375,-0.000940783632400002,-0.0052621209994,0,1.7,-0.955669430360409,-0.592000734361303,-1.9593204685844,-0.147408049544566,0.0383204527099894,0.0325016863100078
0.561396148972264,0.136924282691607,0.384175586391617,0.658773765344171,0.631723931895154,-0.207909440986776,0.269228733848297,-0.218290003500311,10.9615137179644,-3.55505883296525,-1.21576853891217,1.06927866438983,-0.00933984449775833,-0.005054389126605,0,1.7,-0.821469551467623,-0.517573357400317,-1.99892157559663,-0.148929892240921,0.0400834918130636,0.0322070078416527
0.551920568993,0.135362798164007,0.411440531794212,0.658544103270531,0.630461786410998,-0.21164076906603,0.272720831261054,-0.209399646411608,10.696323138727,-3.46628745794483,-1.18952997724225,1.03141868611225,-0.0119730905317633,-0.003701544739305,0,1.7,-0.751102820849888,-0.536344032810753,-2.1346263466102,-0.140491582902512,0.0358131471629737,0.0330469181534856
0.539818363298693,0.1337508438292,0.437379952330805,0.65949473076033,0.630487055870079,-0.21235687971422,0.272718413941628,-0.212163485810412,10.4994048707188,-3.48413989543925,-1.20880245268333,1.058404749632,-0.00390089123197333,-0.00544489677995,0,1.7,-0.747615041076226,-0.542965710862741,-2.08304324277754,-0.145261160294966,0.0327488364846572,0.0290266382141477
0.524800610642202,0.132272030131038,0.462113439668926,0.657839460596431,0.627504708936902,-0.219148130747165,0.279184100678948,-0.214802815075272,10.3171155815324,-3.57591067552517,-1.24070429205833,1.091811820865,-0.00473369844264667,-0.005496859923025,0,1.7,-0.917241789169458,-0.569859256864966,-2.13479081009689,-0.15611728661177,0.0396025267300628,0.0294599941903572
0.507266912260495,0.129972189549021,0.485251445879243,0.656071868669454,0.625067619882321,-0.225463199025931,0.284559042096607,-0.222086795922674,10.091654118144,-3.73017576138292,-1.23250893751792,1.0664793054265,-0.0122411693135433,-0.0047161616384975,0,1.7,-1.0157722457712,-0.671649985333908,-2.11993697322446,-0.139691064880161,0.0461386734144286,0.03337238179498
0.487573333958229,0.127230427097164,0.506392641122002,0.655412424277982,0.623444844466452,-0.229226667202425,0.287867686126628,-0.209541365447862,9.20831604475767,-3.67634011109808,-1.20550204515433,1.02218966881425,-0.00907514368511083,-0.0047665352001675,0,1.7,-0.785427948065705,-0.449898230448855,-2.04918649401795,-0.157230971575518,0.0350101583800698,0.029021203821464
0.465901462300655,0.124183239964069,0.525430117707036,0.654430371135889,0.621578918205131,-0.233526960459233,0.291377388306236,-0.216754591276883,8.69990179042464,-3.76948711872092,-1.22539266049842,1.069987773895,-0.00228949344392498,-0.005013537593185,0,1.7,-0.869119362006174,-0.583939712845791,-2.06566972512076,-0.165556810167677,0.0313111129829444,0.0314690232300177
0.441980154854933,0.121681669544021,0.54211206857591,0.650109440497902,0.616381350970665,-0.244318285468806,0.301364182975244,-0.22598957074154,8.01659919694041,-3.85896948973367,-1.21376767655233,1.05362149973758,-0.0104799304157267,-0.004691811837245,0,1.7,-1.03088809870466,-0.581224044562848,-1.96458589540442,-0.160358318115279,0.0401777396958235,0.0363236224935121
0.41678373703729,0.118964119012011,0.556021098545612,0.64823023225398,0.613880220549995,-0.249805247281964,0.305991510491905,-0.229177951648154,7.54874966144442,-4.01174569527217,-1.23100595076858,1.07875323593633,-0.0165397108222183,-0.0045172551646825,0,1.7,-1.03707594606012,-0.766986901932065,-1.97140176150482,-0.133946677127451,0.0408754460089953,0.0373714952332954
0.389959849039719,0.116196974908761,0.567403040949517,0.643769214221562,0.608910146945886,-0.259859534218271,0.314736089437928,-0.230744294680875,6.85312993774541,-3.87849401632875,-1.22616508603083,1.05193653603383,-0.00181141477076499,-0.00525442808865,0,1.7,-0.960706701376502,-0.745545225882949,-2.04322987889019,-0.124228824394973,0.0345159415941172,0.0354114042210736
0.362585539826907,0.11280647172475,0.575843347077136,0.642163337763317,0.606892357670987,-0.263809791071139,0.317549460174697,-0.231861316145701,6.09405844186747,-3.88481154441833,-1.22854529718583,1.05260386963717,-0.00517428865043334,-0.004754032194615,0,1.7,-0.945831352728362,-0.709724983749078,-1.99847047499166,-0.124182507931539,0.0346533349540024,0.0306806085205089
0.334564967418845,0.1093819077628,0.581414988672142,0.638263704780479,0.602867641115054,-0.271742093898646,0.324654706123026,-0.21762014385177,5.29029960831009,-3.87680351734117,-1.18770733972408,1.03897602160742,-0.0123142356053808,-0.0042927017435425,0,1.7,-0.974497619596404,-0.620159508727421,-1.86327393407545,-0.127483221054836,0.0438990116047596,0.0334985096633312
0.311908870370048,0.106707234064742,0.584282119605666,0.629640555108846,0.593910421286181,-0.287737728857349,0.338713383701854,-0.195276586528045,4.61130476519434,-3.88957895835267,-1.18569702605358,1.02208524942417,-0.00706110056514085,-0.0045462192967525,0,1.7,-0.863928198545832,-0.469732128250357,-1.83231196751476,-0.112585549438403,0.0373953401110435,0.0335562144175448
0.303834486897783,0.105815075338452,0.584862123325899,0.625896414026317,0.59021146774568,-0.294188574078524,0.344603152890231,-0.214339659401803,4.52325207789734,-4.034495774905,-1.21490835150017,1.04681352674992,-0.006888574051275,-0.0047025276348,0,1.7,-0.868447314152537,-0.345728869609083,-1.98959929725828,-0.142320636995108,0.039715636433555,0.0321654016167184
0.302561414082829,0.105640233866378,0.584885618881957,0.626181694647654,0.590587123585482,-0.293611228481265,0.344272253850946,-0.227124898448912,4.5566875373326,-4.04466476440408,-1.21818754772383,1.04963733057167,-0.00822459962202333,-0.004690049774945,0,1.7,-0.848445238090251,-0.508843907102468,-2.00870608838443,-0.149936297716,0.0378115491099962,0.0338178577828329
0.302467956179648,0.105637561380294,0.584873104204463,0.626278884586996,0.590683582922931,-0.293439532442984,0.344174361835262,-0.240636423365701,4.69649532164138,-4.15014025370267,-1.2390884478895,1.07701645394158,-0.00960768448817334,-0.004801166430115,0,1.7,-0.967432083536204,-0.693879121666208,-2.0245989803827,-0.157182508656477,0.0375071444904405,0.0355908904696053
0.302407046436133,0.105638982391355,0.584853739384229,0.626443730053605,0.590872302303396,-0.293134248642687,0.343954748713123,-0.240589687071348,4.71698201720882,-4.14935654401775,-1.24397386312492,1.07702434460358,-0.00935243374351002,-0.0048872070387025,0,1.7,-0.920523809326224,-0.718982126877292,-2.07375190345531,-0.149759472697575,0.0375175896604617,0.0382177910544737
0.302341659545914,0.105628354444959,0.584899425452117,0.625882338686629,0.590283595908061,-0.294137888757044,0.344841765075795,-0.23439389940729,4.59284014006495,-4.15549140373842,-1.10320694446508,1.07048089901608,-0.0363669712097175,-0.00330545728404833,0,1.7,-0.751907146322484,-0.575358004487034,-2.00282168304476,-0.197329992250039,0.0373371446497202,0.0336950385443569
0.302336537243071,0.105629483050394,0.584891603560692,0.625882099716506,0.590294959026014,-0.29413624599247,0.34485931187025,-0.232515161119462,4.5941677103438,-4.15350567897158,-1.10478843053108,1.0725544005635,-0.0365951411426042,-0.00333673693239167,0,1.7,-0.751895739023333,-0.498542842761767,-1.95324796327991,-0.174930736399004,0.0417796445434639,0.0375656524194118
0.30233111434209,0.105649111974806,0.584886376335514,0.626004617657161,0.590391843622809,-0.293950068474742,0.344617687141658,-0.227311533313798,4.4805219863851,-4.04229489167617,-1.08281049331033,1.04351215163883,-0.034490184237515,-0.003153036907315,0,1.625,-0.773081204618397,-0.638442528885596,-1.87034057598174,-0.160335796725155,0.0417547635140588,0.0359847376192209
0.302332966250462,0.105641675240654,0.584884619140632,0.626049288302705,0.590432170855234,-0.293884145635778,0.344540528940654,-0.235499567224667,4.5909456978245,-4.15408150355008,-1.10515346427717,1.07241315941025,-0.0372522730380092,-0.0034452162683,0,1.55,-0.836905330858708,-0.392378305954773,-1.90691664534841,-0.157781761130396,0.0386626205212731,0.036417124827361
0.302336299496612,0.105654322451636,0.584880597414313,0.62608586330716,0.590485315522636,-0.293809371425041,0.344502694990093,-0.232137518109652,4.59624171902738,-4.15789186159817,-1.10570410688717,1.07330617507308,-0.036240201443375,-0.003318874041235,0,1.7,-0.827163847926119,-0.462868091341561,-1.90968411269321,-0.161290905680962,0.038156530461029,0.0341556150789484
0.302338824971543,0.105659645207727,0.584875751495383,0.626134553382082,0.590546459988786,-0.293714867579209,0.344439036531004,-0.231017034479626,4.47743957787782,-4.0434710502625,-1.0819903333985,1.04318075776117,-0.0354522611945817,-0.00346340462566,0,1.7,-0.91401285211456,-0.477620220697429,-1.98779293918955,-0.163560718058854,0.0389806405858012,0.0332138101038173
0.302340740530836,0.105658160309564,0.584877336520233,0.626239942770685,0.590640030614165,-0.293548942751188,0.344256083163295,-0.225828194276236,4.47784299304133,-4.04250334898567,-1.08404532273633,1.04308756391217,-0.0353064368168383,-0.00349153888723333,0,1.7,-0.85379731166941,-0.429135137313661,-1.91339297098811,-0.150274801544219,0.0394941681855048,0.0323351199617827
0.302344673374719,0.105676628766739,0.584874959091907,0.626176514565442,0.590571771174011,-0.293662641771012,0.344348094978931,-0.235326909292173,4.59156001259862,-4.03605565230075,-1.21878405511342,1.04912439286717,-0.0077834732209075,-0.0049385676160425,0,1.7,-0.85250990833943,-0.336995222556232,-1.92113477547866,-0.138958832877499,0.0390177396450677,0.02704433223574
0.30234396921795,0.105678031885057,0.584875351279109,0.626180199195234,0.590567850466271,-0.293659450789318,0.34433407231415,-0.233618287040629,4.59955379118525,-4.15061933199567,-1.1056218365825,1.07383362849567,-0.0366723602638467,-0.00356447659432833,0,1.7,-0.726448811167775,-0.325216650483208,-1.79409420442855,-0.153662251265458,0.0382379774954141,0.0275582274555731
0.302369833882671,0.105688311331611,0.584888880302801,0.625888584336169,0.590266600241622,-0.294174970869696,0.344821765868786,-0.231388331000033,4.57898607402998,-4.17554098367733,-1.11024105648167,1.08231459260008,-0.0359636159612492,-0.003329566493625,0,1.7,-0.938844178501732,-0.442689145019127,-1.8064942211396,-0.165634610859497,0.0395195254329611,0.0284212101606311
0.307597579665421,0.106478662145709,0.586982310649312,0.329513946235917,0.316264141811691,-0.134740076460984,0.188147499742847,-0.190154886946368,4.24581143508352,-4.14966832002017,-1.113250046969,1.10772426128367,-0.02799624092886,-0.00321181491017333,0,1.7,-0.827846430006201,-0.0683023027206093,-1.55531798581107,-0.172059780910727,0.0363150013908593,0.0297676762897265
0.330200940668005,0.109536133084981,0.592847113218742,-0.512362084425608,-0.540822469193456,-0.0796780559408404,0.0861657953998294,-0.25050720809914,5.13056489924597,-4.02457613150267,-1.1168433249,1.110411947966,-0.03593358322981,-0.0038147221009,0,1.7,-0.760914792723903,-0.505089272556985,-1.6020559984278,-0.15140982679605,0.045429481430453,0.026480765202951
0.357285429818288,0.112957027798603,0.597175060363035,0.706802761916198,0.626858544310198,-0.226882819612228,0.153027951909427,-0.226402904373594,5.68320798675157,-3.86942044099158,-1.08408697744283,0.999362566073917,-0.0334964250525225,-0.00329473018646167,0,1.6,-0.435937907627041,-0.295901864523434,-1.22691151588839,-0.116623741722408,0.0439936272625752,0.0194991174634229
0.38292865971155,0.117330146244596,0.59856794907705,0.682208154363,0.56502322188479,-0.34578994383444,0.218920331033844,-0.240178515973588,6.28211718201697,-4.0207560857145,-1.12508035898183,1.03680232962017,-0.0329587766279083,-0.00343907301623833,0,1.7,-0.33478239554583,-0.170118465324071,-1.12334778453651,-0.0846930487748191,0.043892890058863,0.0184985303458387
0.406799925595257,0.122155150804043,0.596881158647091,0.672591460417803,0.519893837352697,-0.41046089564362,0.230826647031059,-0.23933997358586,7.09959957251923,-4.07823042074842,-1.15288869440583,0.969728842377317,-0.040703498199715,-0.00321108574668667,0,1.6,-0.292114098462821,-0.126939205463819,-1.07220468044256,-0.0796010759232713,0.0410883538665358,0.0132242384034809
0.428324659293045,0.12678103670394,0.592207609376464,0.668607824449127,0.485943104000699,-0.454605210104641,0.224124848187625,-0.218256240843015,7.68794191976338,-3.97439883152683,-1.18605687518942,0.960305419564,-0.03358801311508,-0.002718502283095,0,1.7,-0.253678572232615,-0.0426136435157995,-0.896337395111334,-0.0775616303581935,0.0308782160606655,0.00411277417467135
0.448005709475571,0.13091697351366,0.584951067842738,0.663532873943144,0.449532484561328,-0.499547036736588,0.210187531936098,-0.24648426396915,8.18505018602132,-3.96680349508933,-1.2353002687295,0.897229462861667,-0.0401194969812417,-0.00300753228366333,0,1.7,-0.442427377865023,-0.338620222837351,-0.678714704229522,-0.039535201427656,0.0394124267407669,0.00793907339091692
0.464274860636419,0.13509120648701,0.574291916856321,0.660557670093013,0.425484922055518,-0.5295354852478,0.19020273895567,-0.220187551293444,8.43743418455343,-3.62023058334958,-1.17845938702433,0.7473859220743,-0.04009165155391,-0.002552302057545,0,1.6,-0.123803706399905,-0.398394032260003,-0.567532385881152,-0.0342208770579224,0.0311780363985079,-0.000159598297566773
0.478023765418614,0.140942033658719,0.560955364263619,0.656236983678527,0.399332057027129,-0.561070715034687,0.164831574574026,-0.221850769155565,9.3167576611007,-3.68304766019092,-1.29209006925458,0.724158263206317,-0.0345482805434025,-0.00289100669323667,0,1.7,-0.0769541303802841,-0.436544158322879,-0.392673738577098,-0.0276427506153736,0.0279615493451087,-0.00119907184927813
0.490313141014448,0.147081748635431,0.544783261489869,0.651839100887522,0.372441230888266,-0.591494343673616,0.132087543680125,-0.250324521596386,9.65688632528087,-3.5460414091755,-1.33599880039675,0.573489802579325,-0.046549840023115,-0.00203570673863,0,1.7,0.198875691680577,-0.320569032210054,-0.241843792056306,-0.0447310654365006,0.0246630842842623,-0.00496785427402793
0.498705021594798,0.152106368473607,0.52643601462955,0.646160872744089,0.350210646847613,-0.616581636404017,0.098819513718449,-0.223042173645538,9.88998078902639,-3.11635032494808,-1.4406938960155,0.488036108513658,-0.0225366604514292,-0.0030080023221675,0,1.7,0.378197374957199,-0.397396787551573,-0.24404281028347,-0.0469154625495982,0.0174064052272276,-0.0093682159149705
0.503412206014019,0.156677488708505,0.505448574138821,0.63623014700235,0.334076411996319,-0.638769796788445,0.0677728346761531,-0.234661532956081,10.3118671342766,-3.22369190653233,-1.54834752976896,0.4089306255181,-0.0288023990423758,-0.00289980126545,0,1.6,0.471195432743016,-0.229467528640274,-0.150677660220265,-0.0280168044375214,0.015845212733116,-0.0102144833216219
0.50500217386881,0.160605979229171,0.482581440153559,0.622817880548184,0.319669277416247,-0.660584396986638,0.036128358964194,-0.263081024414996,9.95487079421535,-2.96360079447433,-1.56737837890808,0.223741844296417,-0.0337724894440267,-0.002116813883185,0,1.6,0.336421050738336,-0.379885447859346,-0.0588346549095563,-0.0275211676606139,0.0101519172758718,-0.0125707218421497
0.503945489647288,0.16522686153596,0.457822881825769,0.60759162423943,0.305109333208343,-0.681810656926297,-0.000431334406983353,-0.265008814863904,10.3640764261244,-3.259819237392,-1.53634170393075,0.191800392636455,-0.0527195477082125,-0.00126709875961167,0,1.6,0.50670451519778,-0.277009319967077,-0.125959207509071,-0.051522623866078,0.00745385517206534,-0.0139717306273183
0.498327795555464,0.168822633834152,0.433067038872143,0.114094074047557,0.0125159259347663,-0.124566590755559,0.0426966281911941,-0.209351147163402,10.3219544125125,-3.08111843665433,-1.55225718915425,0.0796695148727862,-0.0515772600347817,-0.00093222213909,0,1.6,0.634954759145056,-0.115502873561559,0.041256244861054,-0.034994761001031,-0.00154294301135112,-0.0190236584200453
0.493518532307948,0.172423682984855,0.411298375374933,-0.530063227511519,-0.283144769347177,0.71701874489375,0.0611839151549015,-0.232001312144134,10.3241050541412,-2.846333090463,-1.64423689444883,-0.105509115544045,-0.0576255695040211,-0.000663381504515333,0,1.7,0.407853446459062,-0.30712830497992,-0.203239151472342,-0.0271937929270552,-0.022667128225828,-0.0229830441508217
0.49156098400295,0.173852422768721,0.403856140064074,-0.525319540739907,-0.281469040576924,0.721052209463072,0.0706120494580403,-0.220820861785755,10.1150364319493,-2.84402082959829,-1.60997180541346,-0.0692915356407994,-0.0575846172946725,-0.000806791894136667,0,1.7,0.686818488596284,-0.216460886646994,0.0280527417193422,-0.0149728014721501,-0.0105720642073154,-0.0200859576983921
0.491291036551326,0.174072585950567,0.402693980480407,-0.524828188687248,-0.281606015490359,0.721274977727774,0.0720725200319423,-0.228638581560983,9.813585899776,-2.7111493587485,-1.55819368759792,-0.0640782811204403,-0.0562916633401165,-0.00084715085104,0,1.7,0.707307889312672,-0.13916903126815,0.143511008069519,-0.0237144879974769,-0.00207213498435067,-0.0156261014579578
0.491296957106829,0.173813928004686,0.402412036895764,-0.52482796219058,-0.281798430173768,0.721187710683118,0.0718653825339689,-0.244239839924557,10.1782060017156,-2.57093427578625,-1.69651531577133,-0.0991050969654264,-0.0552001777726,-0.0015868570655575,0,1.7,0.872788093558354,-0.192673793558408,0.126410684749899,0.0164963416975906,-0.000738220995334636,-0.0134321358399373
0.491278296479729,0.173756250908279,0.402373060535226,-0.524770883898342,-0.281892149937574,0.721192482145552,0.0719176282660883,-0.241462689603625,10.1248193529755,-2.55969087282742,-1.68479961156808,-0.105765550169561,-0.0570964341517503,-0.001223772158845,0,1.7,0.906425753929445,-0.245884509990661,0.133329078090054,0.0108148530587742,-0.000911986652412,-0.0146136521971732
0.491262147885257,0.173759073348252,0.402371684410455,-0.524684720635108,-0.281883409513965,0.721256919158407,0.0719961674665158,-0.241361809161935,10.3907359349216,-2.64141919612958,-1.72794494827542,-0.106639534605402,-0.0594380653269131,-0.000854335888289,0,1.7,0.767010702619588,-0.288004747979054,0.133486511343978,0.0106278117226231,-0.00256277655790278,-0.0161370042560939
0.491239770217171,0.173770829191669,0.402371907988038,-0.524648430721946,-0.281938022776864,0.721256299601001,0.0720807551108558,-0.239189858557461,10.1312549173822,-2.55578072468417,-1.68547431031833,-0.100963128427524,-0.0564453646424201,-0.001328903622925,0,1.7,0.796503756655744,-0.172612264004556,0.0957767285866604,-0.009333364575548,-0.00131670861170445,-0.0162898362770295
0.491228398350309,0.17377120117915,0.402371868860164,-0.524608828222143,-0.281944295802174,0.721275838787645,0.0721541170888773,-0.234741401044301,9.88598997543293,-2.73457649548783,-1.56569457054117,-0.0655957231923627,-0.0558188724331775,-0.000747160116831667,0,1.7,0.659428627278503,-0.235796038210246,0.0164731749689974,0.0121238062684657,-0.00305159175284421,-0.0127014652315019
0.491218978881843,0.17376315194994,0.402379044959667,-0.524546102417773,-0.281904977319278,0.721343022137446,0.072172181669158,-0.238261138059204,9.90380958816013,-2.739201792081,-1.57138251066183,-0.0676230670058936,-0.0538850898854467,-0.000716208387166667,0,1.7,0.747320232717455,-0.0512430950216717,0.052994968858345,-0.0040535006857212,-0.000462535838265639,-0.0156228562891656
0.491266776529943,0.173646766517255,0.402366538456507,-0.524572082936818,-0.281862049315964,0.721339073074133,0.0720680330959441,-0.242413890469754,10.1617676744825,-2.56454236110008,-1.69496432542792,-0.106383729698002,-0.0567462937401773,-0.0009227668866525,0,1.7,0.784256268248677,-0.207959506529964,-0.0203918178608054,-0.015806110710794,-0.00117592379697808,-0.0159695102124396
0.491273025367376,0.17360333956765,0.402376673126252,-0.524567578735931,-0.281803105964679,0.721363350672563,0.0720610788981429,-0.2415233656802,10.1523089130735,-2.56062493721667,-1.69248846371967,-0.103776554753009,-0.0560394246790908,-0.0009073094232,0,1.7,0.90495125665819,-0.246746414567433,0.088356558458646,-0.00952914405938432,-0.00177477682280667,-0.016300443989753
0.491340629650329,0.173375586555121,0.402388054257343,-0.524591960559123,-0.281639829748497,0.721407407698993,0.0718881515413178,-0.238691488649023,10.1455375423049,-2.56094860633158,-1.6885309398175,-0.102581281232543,-0.0562616821456458,-0.0016681710258125,0,1.7,0.853294295793902,-0.185514270548583,0.214182227100605,-0.00740545686106691,-0.00239059518193759,-0.0161824051437103
0.491360741170269,0.173286235773007,0.402392728424081,-0.524568203444147,-0.281557179150265,0.721459581750787,0.0717934765418744,-0.239398489765098,10.1404335749613,-2.55713303883833,-1.68797429402592,-0.104205205053772,-0.0560312545004784,-0.0006707589142025,0,1.7,0.731323824619236,-0.189739270039675,0.213738491866804,0.00708947535956471,-0.00420789603701572,-0.0148864693974342
0.49136428862074,0.173289393688395,0.402392962900802,-0.524564070919536,-0.281555942648272,0.721459350040536,0.0718244555656767,-0.241374440296702,10.1420720877764,-2.56296019554017,-1.68840212027242,-0.104644905899068,-0.0568320755856375,-0.00129404612817,0,1.7,0.765310520699257,-0.216310597044023,0.0861696083280932,-0.00249466282833102,-0.00261130459401555,-0.014890041995928
0.491365244838169,0.173291917782717,0.402395809282574,-0.524576864078514,-0.281551888661724,0.721448214356108,0.0718349834615946,-0.240823864304099,10.1509667155638,-2.56235563754883,-1.69175032178592,-0.105212255040041,-0.0560434875272839,-0.0011846442241225,0,1.7,0.769498809831298,-0.0103710358552463,0.122905745239929,-0.0145855732600233,-0.0040433568655014,-0.0138700680994593
0.4913630484445,0.173282334972543,0.402402951267802,-0.524558856874527,-0.281527543153092,0.721470592389896,0.0718590797759889,-0.247412948841617,10.4118790656313,-2.645774233341,-1.72947229742958,-0.104402736112472,-0.0568437889218332,-0.00140582905151,0,1.6,0.768135709634749,-0.153374798716475,0.116126946231007,-0.00732985480374737,-0.00236438206374827,-0.0113402767905014
0.491398932902,0.17315589247204,0.402407185836055,-0.524564007044805,-0.281476420957801,0.721491962981222,0.0717354928492303,-0.24314536154249,10.1512394502739,-2.56262231667975,-1.69123577674325,-0.102885022819704,-0.0548090994358427,-0.00122278709896,0,1.7,0.650320358217279,-0.176108319471437,0.131086219393166,-0.00318508430981507,-0.00219187568855737,-0.0147941094223439
0.491424964832145,0.173072915976376,0.402404592314229,-0.524582695855287,-0.281468510746187,0.721481732362694,0.0716560701110939,-0.241199727748251,10.1538753603906,-2.56293426752033,-1.69059694409333,-0.105658335205606,-0.0561378224364751,-0.0009363781195125,0,1.7,0.687449316104225,-0.414486826200935,0.168101877533437,0.0000695617322631025,-0.00301987803859153,-0.0197355565353038
0.491432023983898,0.173058386085157,0.402407915424171,-0.5245611066138,-0.281389144123757,0.721527607639958,0.0716804792771772,-0.24670113609976,10.4066106026393,-2.64862065315258,-1.72720669110583,-0.103638829302427,-0.0561434319552963,-0.0008705668617025,0,1.7,0.834679771462911,-0.297916211184536,0.160113367090547,-0.000868412932690921,-0.00152125644285327,-0.0159412648474008
0.491430958775129,0.173078900400788,0.402404746609643,-0.524580253975742,-0.281413176625232,0.721506213404349,0.0717141178232871,-0.246989622553121,10.4060665955179,-2.64717893997883,-1.7275481462485,-0.104767088776416,-0.0567745581172267,-0.0014639557804925,0,1.6,0.78392180585085,-0.387551549095166,0.117667650937003,-0.0153344498511416,-0.00301572723368813,-0.0145536039070476
0.491437701706653,0.17304325837635,0.4024122030349,-0.524551285117708,-0.281386292989372,0.721533708377418,0.0716671175699928,-0.249785611060891,10.4068065159016,-2.64658144315075,-1.72627852956442,-0.103213459152013,-0.0557961526749101,-0.00119222290814,0,1.7,0.845803330004092,-0.360142841578434,0.132855246017557,-0.0161713245190696,-0.00213646425400778,-0.019406179315878
0.491429372006376,0.173058134569467,0.402414742533364,-0.524501583182617,-0.281395141970163,0.721566595642333,0.0716850051615851,-0.245170472969302,10.4137977873298,-2.6463285167995,-1.72761215567558,-0.102957141139342,-0.0552131747904648,-0.0009681475348775,0,1.7,0.802610151459704,-0.358858315386714,0.158901789845097,-0.0243885951051033,-0.00302731868886533,-0.0158724929589177
0.388185366966619,0.14230575706846,0.319036357153029,-0.409764229668625,-0.228643246933247,0.566632041343052,0.0648861627339211,-0.187908439456381,8.06606902232055,-2.13308459123,-1.31078655918433,-0.067866394241823,-0.053863314298607,-0.000878159018853333,0,1.7,0.458611841690815,-0.328836893295685,0.0202803457593079,-0.0141470621646602,-0.00195499828965902,-0.0158017287945828
0,0,0,0,0,0,0,0,0,0,0,0,0,0,0,0,0,0,0,0,0,0
